Year,Health_Expenditure_GDP_Percent
2000,7.15692902
2001,7.45211363
2002,7.87847328
2003,8.07831287
2004,8.3386755
2005,8.39430904
2006,8.54522514
2007,8.75711441
2008,9.04033756
2009,9.84771252
2010,9.78937912
2011,9.7956152
2012,9.89160061
2013,9.97822475
2014,9.90305996
2015,9.83625221
